epoch_s,name,response_time_ms,success
1776375319.338694,/collect,277.16,1
1776375319.329477,/collect,318.81,1
1776375320.708318,/collect,263.47,1
1776375320.915394,/collect,261.38,1
1776375321.967647,/collect,271.21,1
1776375322.294465,/collect,259.33,1
1776375322.998665,/collect,304.13,1
1776375323.768397,/collect,277.57,1
1776375323.954507,/collect,296.35,1
1776375325.151283,/collect,263.41,1
1776375325.308178,/collect,262.54,1
1776375326.546038,/collect,258.69,1
1776375326.591609,/collect,262.09,1
1776375327.829612,/collect,279.87,1
1776375328.032557,/collect,256.36,1
1776375329.012160,/collect,254.35,1
1776375329.092250,/collect,312.87,1
1776375330.669648,/collect,224.25,1
1776375330.676516,/collect,298.53,1
1776375332.087354,/collect,319.03,1
1776375332.464923,/collect,285.43,1
1776375333.875243,/collect,327.39,1
1776375333.935173,/collect,315.39,1
1776375334.963515,/collect,263.68,1
1776375335.239697,/collect,253.29,1
1776375336.120107,/collect,261.2,1
1776375336.613140,/collect,260.03,1
1776375337.170994,/collect,281.01,1
1776375337.936991,/collect,267.32,1
1776375338.202021,/collect,264.71,1
1776375339.494721,/collect,253.52,1
1776375339.656568,/collect,262.81,1
1776375340.765637,/collect,310.78,1
1776375341.024839,/collect,255.77,1
1776375341.992550,/collect,257.92,1
1776375342.351126,/collect,298.19,1
1776375343.044175,/collect,267.24,1
1776375343.974268,/collect,255.09,1
1776375343.948527,/collect,313.86,1
1776375345.227229,/collect,253.22,1
1776375345.707174,/collect,236.04,1
1776375345.991684,/collect,263.64,1
1776375346.664155,/collect,320.31,1
1776375347.347430,/collect,266.26,1
1776375348.405869,/collect,262.6,1
1776375348.927001,/collect,282.43,1
1776375349.501121,/collect,266.35,1
1776375350.106221,/collect,256.41,1
1776375351.116884,/collect,222.76,1
1776375351.230664,/collect,257.8,1
1776375351.924404,/collect,286.23,1
1776375352.177137,/collect,315.37,1
1776375353.234684,/collect,259.81,1
1776375353.490035,/collect,252.27,1
1776375354.514859,/collect,252.72,1
1776375354.616125,/collect,265.68,1
1776375355.428761,/collect,251.66,1
1776375356.279282,/collect,258.41,1
1776375356.727300,/collect,208.19,1
1776375357.614211,/collect,488.83,1
1776375357.681851,/collect,532.01,1
1776375359.073100,/collect,385.62,1
1776375359.162843,/collect,495.26,1
1776375360.350340,/collect,244.66,1
1776375360.735691,/collect,253.32,1
1776375361.973394,/collect,324.84,1
1776375362.461264,/collect,258.48,1
1776375362.928437,/collect,261.66,1
1776375363.731358,/collect,284.77,1
1776375364.146720,/collect,243.96,1
1776375365.370512,/collect,262.31,1
1776375365.580547,/collect,212.23,1
1776375366.446837,/collect,248.19,1
1776375366.631524,/collect,209.09,1
1776375367.234429,/collect,265.23,1
1776375367.469470,/collect,304.23,1
1776375368.291743,/collect,249.54,1
1776375368.667968,/collect,260.33,1
1776375369.386544,/collect,208.13,1
1776375370.372355,/collect,257.8,1
1776375371.072862,/collect,264.18,1
1776375371.523110,/collect,255.17,1
1776375372.237214,/collect,271.01,1
1776375373.154092,/collect,237.07,1
1776375373.085382,/collect,315.5,1
1776375374.292187,/collect,313.0,1
1776375374.506171,/collect,259.04,1
1776375375.522129,/collect,254.31,1
1776375376.126318,/collect,212.88,1
1776375376.420179,/collect,252.94,1
1776375377.682373,/collect,257.89,1
1776375377.714048,/collect,294.44,1
1776375378.532389,/collect,273.08,1
1776375379.198373,/collect,260.48,1
1776375379.854109,/collect,238.11,1
1776375380.356020,/collect,299.76,1
1776375381.053709,/collect,244.58,1
1776375381.631861,/collect,263.92,1
1776375382.609116,/collect,294.09,1
1776375382.643745,/collect,264.67,1
1776375383.423921,/collect,296.0,1
1776375383.875627,/collect,332.8,1
1776375384.459751,/collect,295.77,1
1776375385.135442,/collect,258.7,1
1776375385.733825,/collect,262.65,1
1776375386.478067,/collect,280.35,1
1776375386.633887,/collect,273.79,1
1776375387.399549,/collect,240.1,1
1776375388.189728,/collect,252.79,1
1776375388.928517,/collect,279.08,1
1776375389.120461,/collect,267.11,1
1776375390.213124,/collect,226.53,1
1776375390.608248,/collect,268.21,1
1776375391.042146,/collect,261.39,1
1776375391.952111,/collect,303.69,1
1776375392.365452,/collect,255.98,1
1776375393.080321,/collect,322.15,1
1776375393.801216,/collect,272.35,1
1776375394.622977,/collect,283.08,1
1776375395.187904,/collect,246.93,1
1776375395.753644,/collect,243.93,1
1776375396.527483,/collect,273.41,1
1776375397.221853,/collect,257.14,1
1776375398.043914,/collect,248.07,1
1776375398.011108,/collect,281.9,1
1776375398.887773,/collect,286.01,1
1776375399.778422,/collect,299.55,1
1776375400.069239,/collect,265.62,1
1776375400.921517,/collect,263.81,1
1776375401.550218,/collect,240.86,1
1776375401.809559,/collect,277.35,1
1776375403.158454,/collect,241.21,1
1776375403.388195,/collect,362.6,1
1776375404.110753,/collect,393.62,1
1776375404.274160,/collect,421.69,1
1776375405.600559,/collect,249.04,1
1776375405.861090,/collect,349.0,1
1776375406.871379,/collect,255.73,1
1776375407.685571,/collect,264.47,1
1776375407.659110,/collect,295.0,1
1776375408.723503,/collect,258.63,1
1776375408.756401,/collect,261.95,1
1776375409.645841,/collect,262.3,1
1776375410.436114,/collect,264.32,1
1776375410.807138,/collect,255.29,1
1776375411.205507,/collect,294.12,1
1776375412.144857,/collect,257.73,1
1776375412.218530,/collect,259.6,1
1776375413.510428,/collect,265.69,1
1776375413.621388,/collect,314.66,1
1776375414.704901,/collect,286.38,1
1776375414.871911,/collect,304.52,1
1776375415.910038,/collect,260.23,1
1776375416.438144,/collect,257.94,1
1776375417.056883,/collect,243.5,1
1776375417.634350,/collect,257.88,1
1776375418.243061,/collect,258.52,1
1776375419.030604,/collect,259.63,1
1776375419.288527,/collect,252.91,1
1776375420.026416,/collect,270.1,1
1776375420.328105,/collect,254.49,1
1776375421.066603,/collect,264.18,1
1776375422.017832,/collect,272.85,1
1776375422.512513,/collect,257.7,1
1776375423.014859,/collect,282.68,1
1776375423.804219,/collect,262.19,1
1776375424.525770,/collect,279.81,1
1776375425.014229,/collect,222.12,1
1776375425.758120,/collect,231.45,1
1776375426.032102,/collect,273.17,1
1776375426.493809,/collect,266.62,1
1776375427.345536,/collect,263.94,1
1776375427.594740,/collect,251.86,1
1776375428.570176,/collect,231.86,1
1776375428.976785,/collect,257.0,1
1776375429.881745,/collect,254.03,1
1776375430.083525,/collect,255.37,1
1776375431.462547,/collect,257.99,1
1776375431.682240,/collect,270.48,1
1776375432.507195,/collect,256.46,1
1776375432.935282,/collect,264.06,1
1776375433.633304,/collect,258.28,1
1776375434.229327,/collect,263.3,1
1776375434.695357,/collect,244.61,1
1776375435.165659,/collect,221.96,1
1776375436.314369,/collect,300.34,1
1776375436.413016,/collect,266.69,1
1776375437.400912,/collect,240.88,1
1776375438.028765,/collect,260.44,1
1776375438.413825,/collect,230.01,1
1776375439.115774,/collect,256.31,1
1776375439.560692,/collect,229.02,1
1776375439.980187,/collect,321.93,1
1776375440.525228,/collect,264.83,1
1776375441.285042,/collect,256.87,1
1776375442.018917,/collect,278.99,1
1776375442.516502,/collect,255.4,1
1776375442.857443,/collect,318.53,1
1776375443.971015,/collect,226.08,1
1776375444.595719,/collect,255.09,1
1776375444.928311,/collect,209.59,1
1776375445.644157,/collect,275.06,1
1776375446.092990,/collect,264.89,1
1776375447.268711,/collect,289.21,1
1776375447.487344,/collect,303.75,1
1776375448.511829,/collect,260.49,1
1776375448.506360,/collect,296.8,1
1776375449.647579,/collect,258.5,1
1776375449.987668,/collect,258.36,1
1776375450.979151,/collect,278.62,1
1776375451.253012,/collect,260.18,1
1776375451.775178,/collect,265.28,1
1776375452.628015,/collect,250.46,1
1776375452.837710,/collect,275.82,1
1776375453.819208,/collect,260.02,1
1776375454.283019,/collect,267.55,1
1776375454.805279,/collect,234.0,1
1776375455.176833,/collect,280.22,1
1776375456.236311,/collect,269.84,1
1776375456.253920,/collect,262.04,1
1776375457.026894,/collect,272.55,1
1776375457.337012,/collect,314.08,1
1776375457.983817,/collect,249.67,1
1776375458.300981,/collect,253.69,1
1776375459.186754,/collect,263.41,1
1776375459.309530,/collect,231.9,1
1776375460.157515,/collect,261.88,1
1776375460.246474,/collect,263.94,1
1776375461.620214,/collect,255.41,1
1776375461.828151,/collect,258.35,1
1776375462.651992,/collect,245.51,1
1776375462.669455,/collect,228.7,1
1776375463.516274,/collect,225.22,1
1776375464.307604,/collect,281.77,1
1776375464.426165,/collect,285.37,1
1776375465.391675,/collect,267.82,1
1776375465.674007,/collect,257.44,1
1776375466.634649,/collect,270.66,1
1776375467.137123,/collect,258.34,1
1776375467.425063,/collect,324.36,1
1776375468.339505,/collect,328.32,1
1776375468.567338,/collect,262.42,1
1776375469.291770,/collect,247.82,1
1776375470.080720,/collect,262.56,1
1776375470.328741,/collect,320.04,1
1776375471.167788,/collect,264.06,1
1776375471.726157,/collect,253.54,1
1776375472.474741,/collect,220.91,1
1776375473.239640,/collect,312.14,1
1776375473.711189,/collect,225.5,1
1776375474.057238,/collect,262.55,1
1776375474.561847,/collect,261.75,1
1776375475.404577,/collect,243.05,1
1776375476.234113,/collect,530.02,1
1776375476.210627,/collect,558.39,1
1776375477.301051,/collect,276.05,1
1776375477.859043,/collect,299.79,1
1776375478.197376,/collect,238.01,1
1776375479.082362,/collect,291.84,1
1776375479.566921,/collect,262.27,1
1776375480.349213,/collect,246.88,1
1776375480.635646,/collect,268.39,1
1776375481.700493,/collect,267.48,1
1776375481.980892,/collect,259.15,1
1776375482.795522,/collect,243.61,1
1776375483.370018,/collect,228.43,1
1776375484.048034,/collect,266.27,1
1776375484.386545,/collect,305.3,1
1776375485.462128,/collect,263.86,1
1776375485.779561,/collect,258.51,1
1776375486.260837,/collect,266.55,1
1776375486.878386,/collect,278.21,1
1776375487.154874,/collect,251.33,1
1776375487.674870,/collect,254.31,1
1776375488.241000,/collect,258.43,1
1776375488.661814,/collect,316.51,1
1776375489.003857,/collect,274.71,1
1776375490.071720,/collect,250.75,1
1776375490.697253,/collect,260.24,1
1776375491.060137,/collect,306.16,1
1776375492.238427,/collect,255.15,1
1776375492.814972,/collect,223.42,1
1776375493.375131,/collect,264.05,1
1776375493.855830,/collect,322.52,1
1776375494.226898,/collect,263.67,1
1776375494.786752,/collect,262.54,1
1776375495.900426,/collect,275.08,1
1776375495.966673,/collect,258.55,1
1776375496.869443,/collect,222.79,1
1776375497.111728,/collect,282.45,1
1776375497.707999,/collect,229.65,1
1776375498.274456,/collect,299.18,1
1776375498.961884,/collect,259.61,1
1776375499.745815,/collect,240.69,1
1776375500.275221,/collect,258.12,1
1776375501.205825,/collect,366.57,1
1776375501.324179,/collect,455.05,1
1776375502.826046,/collect,589.61,1
1776375502.839731,/collect,659.0,1
1776375503.990809,/collect,315.68,1
1776375504.360146,/collect,284.45,1
1776375505.254609,/collect,634.01,1
1776375505.304248,/collect,649.3,1
1776375506.772795,/collect,15.09,0
1776375506.594157,/collect,264.44,1
1776375507.297480,/collect,244.06,1
1776375508.274739,/collect,255.28,1
1776375508.268005,/collect,262.82,1
1776375509.187780,/collect,261.6,1
1776375509.432833,/collect,269.13,1
1776375510.114822,/collect,252.89,1
1776375510.854017,/collect,234.96,1
1776375510.968545,/collect,264.24,1
1776375511.783522,/collect,292.53,1
1776375512.069561,/collect,224.12,1
1776375513.037478,/collect,256.33,1
1776375513.347367,/collect,273.3,1
1776375514.182516,/collect,222.34,1
1776375514.369836,/collect,303.95,1
1776375514.928518,/collect,276.19,1
1776375515.339352,/collect,262.35,1
1776375515.833537,/collect,274.15,1
1776375516.761899,/collect,228.75,1
1776375517.200339,/collect,256.42,1
1776375518.255110,/collect,267.69,1
1776375518.504992,/collect,265.06,1
1776375519.196007,/collect,252.02,1
1776375519.422967,/collect,213.04,1
1776375520.136049,/collect,249.07,1
1776375520.152620,/collect,262.68,1
1776375521.054595,/collect,245.43,1
1776375521.346596,/collect,250.59,1
1776375522.331482,/collect,210.87,1
1776375522.801111,/collect,262.03,1
1776375523.764630,/collect,263.71,1
1776375523.778374,/collect,301.02,1
1776375524.997621,/collect,302.74,1
1776375525.456960,/collect,234.21,1
1776375526.165132,/collect,260.97,1
1776375527.058357,/collect,408.61,1
1776375527.117084,/collect,535.11,1
1776375528.256922,/collect,259.55,1
1776375529.002484,/collect,291.85,1
1776375529.711599,/collect,293.84,1
1776375530.364235,/collect,259.98,1
1776375531.282323,/collect,270.02,1
1776375531.821066,/collect,252.39,1
1776375532.823451,/collect,259.96,1
1776375533.193025,/collect,203.35,1
1776375533.884584,/collect,455.88,1
1776375533.952470,/collect,557.72,1
1776375535.144245,/collect,265.26,1
1776375535.874489,/collect,302.09,1
1776375536.818705,/collect,253.67,1
1776375537.178017,/collect,250.51,1
1776375537.887615,/collect,207.87,1
1776375538.907364,/collect,257.47,1
1776375539.488027,/collect,251.54,1
1776375540.555884,/collect,259.83,1
1776375540.919404,/collect,255.21,1
1776375541.339424,/collect,255.23,1
1776375542.386152,/collect,264.48,1
1776375542.775371,/collect,257.29,1
1776375543.546643,/collect,249.01,1
1776375544.044357,/collect,246.75,1
1776375545.057255,/collect,343.49,1
1776375545.207099,/collect,418.58,1
1776375546.025902,/collect,274.09,1
1776375546.739118,/collect,271.47,1
1776375546.860349,/collect,260.47,1
1776375548.049477,/collect,241.77,1
1776375548.048601,/collect,302.44,1
1776375549.151858,/collect,261.05,1
1776375549.587830,/collect,271.23,1
1776375550.363092,/collect,309.11,1
1776375550.902081,/collect,235.65,1
1776375551.270463,/collect,257.37,1
1776375552.114457,/collect,289.44,1
1776375552.758803,/collect,239.93,1
1776375553.621164,/collect,255.81,1
1776375553.851148,/collect,273.72,1
1776375554.822422,/collect,325.56,1
1776375555.211562,/collect,259.7,1
1776375555.902618,/collect,236.15,1
1776375556.500684,/collect,254.15,1
1776375557.603144,/collect,253.97,1
1776375558.013736,/collect,259.43,1
1776375558.884158,/collect,317.02,1
1776375559.128078,/collect,257.06,1
1776375559.743471,/collect,271.59,1
1776375559.916491,/collect,271.58,1
1776375560.796105,/collect,302.32,1
1776375561.045093,/collect,306.89,1
1776375562.300777,/collect,307.4,1
1776375562.512111,/collect,260.04,1
1776375563.226105,/collect,263.04,1
1776375563.400133,/collect,241.01,1
1776375564.765019,/collect,292.36,1
1776375565.007872,/collect,242.7,1
1776375566.398249,/collect,248.06,1
1776375566.437900,/collect,313.55,1
1776375567.233210,/collect,262.98,1
1776375567.692400,/collect,258.92,1
1776375568.259056,/collect,236.0,1
1776375569.196898,/collect,236.5,1
1776375569.593394,/collect,264.01,1
1776375570.711712,/collect,292.77,1
1776375570.952181,/collect,267.2,1
1776375571.991549,/collect,252.69,1
1776375572.140259,/collect,264.28,1
1776375573.535073,/collect,317.23,1
1776375573.742558,/collect,309.97,1
1776375574.552035,/collect,261.66,1
1776375575.119520,/collect,251.78,1
1776375576.042185,/collect,260.14,1
1776375576.632815,/collect,261.67,1
1776375576.909009,/collect,257.65,1
1776375577.761753,/collect,317.07,1
1776375577.884590,/collect,263.8,1
1776375578.775413,/collect,256.3,1
1776375579.373404,/collect,258.37,1
1776375580.056993,/collect,238.7,1
1776375580.457377,/collect,261.37,1
1776375581.551157,/collect,270.44,1
1776375581.948143,/collect,244.52,1
1776375582.932862,/collect,292.97,1
1776375583.126378,/collect,257.45,1
1776375584.075622,/collect,250.98,1
1776375584.212847,/collect,225.82,1
1776375584.969751,/collect,227.95,1
1776375585.827460,/collect,211.15,1
1776375585.778729,/collect,301.32,1
1776375586.665154,/collect,314.43,1
1776375587.293505,/collect,267.21,1
1776375588.225220,/collect,264.77,1
1776375588.324899,/collect,256.19,1
1776375589.391238,/collect,262.32,1
1776375589.376040,/collect,319.73,1
1776375590.683636,/collect,297.16,1
1776375590.916037,/collect,278.12,1
1776375591.548110,/collect,241.8,1
1776375592.558159,/collect,321.61,1
1776375592.951344,/collect,299.62,1
1776375593.868063,/collect,296.83,1
1776375594.340573,/collect,337.41,1
1776375595.398517,/collect,274.66,1
1776375596.072131,/collect,345.31,1
1776375596.474089,/collect,271.04,1
1776375597.142453,/collect,254.51,1
1776375598.194565,/collect,302.52,1
1776375598.471571,/collect,293.57,1
1776375599.404419,/collect,260.95,1
1776375599.756980,/collect,262.55,1
1776375600.770863,/collect,312.27,1
1776375600.952611,/collect,246.52,1
1776375601.622366,/collect,253.95,1
1776375602.053004,/collect,272.25,1
1776375602.699089,/collect,275.29,1
1776375602.839583,/collect,279.59,1
1776375604.207658,/collect,260.61,1
1776375604.426916,/collect,211.28,1
1776375605.568551,/collect,293.84,1
1776375605.567746,/collect,310.17,1
1776375606.530058,/collect,257.33,1
1776375606.695726,/collect,297.46,1
1776375607.546282,/collect,271.11,1
1776375608.129401,/collect,337.88,1
1776375609.014187,/collect,266.05,1
1776375609.280584,/collect,258.77,1
1776375610.770336,/collect,291.11,1
1776375610.969571,/collect,307.97,1
1776375612.420766,/collect,276.66,1
1776375612.432643,/collect,326.79,1
1776375613.585435,/collect,324.81,1
1776375613.867052,/collect,301.46,1
1776375614.591796,/collect,272.46,1
1776375615.134074,/collect,272.3,1
1776375615.715025,/collect,260.24,1
1776375616.440165,/collect,269.23,1
1776375616.500973,/collect,295.89,1
1776375617.302326,/collect,268.14,1
1776375617.994489,/collect,307.01,1
1776375618.161220,/collect,296.5,1
1776375618.859899,/collect,234.08,1
1776375619.272714,/collect,266.4,1
